{"cameraMode":{"drawMode":0,"name":"Shaded","section":"Shading Mode"},"sceneLighting":true,"audioPlay":false,"sceneViewState":{"m_AlwaysRefresh":false,"showFog":true,"showSkybox":true,"showFlares":true,"showImageEffects":true,"showParticleSystems":true,"showVisualEffectGraphs":true,"m_FxEnabled":true},"in2DMode":false,"pivot":{"x":0.5297973155975342,"y":1.3169240951538087,"z":-0.6280351281166077},"rotation":{"x":0.18031656742095948,"y":-0.6545587182044983,"z":0.1649746596813202,"w":0.7154250144958496},"size":0.30018657445907595,"orthographic":false}