{"cameraMode":{"drawMode":0,"name":"Shaded","section":"Shading Mode"},"sceneLighting":true,"audioPlay":false,"sceneViewState":{"m_AlwaysRefresh":false,"showFog":true,"showSkybox":true,"showFlares":true,"showImageEffects":true,"showParticleSystems":true,"showVisualEffectGraphs":true,"m_FxEnabled":true},"in2DMode":false,"pivot":{"x":2.3699188232421877,"y":-0.023940443992614747,"z":0.8541107773780823},"rotation":{"x":-0.11603786051273346,"y":0.6932309865951538,"z":-0.11458469927310944,"w":-0.7020227909088135},"size":1.357730746269226,"orthographic":false}