{"cameraMode":{"drawMode":0,"name":"Shaded","section":"Shading Mode"},"sceneLighting":true,"audioPlay":false,"sceneViewState":{"m_AlwaysRefresh":false,"showFog":true,"showSkybox":true,"showFlares":true,"showImageEffects":true,"showParticleSystems":true,"showVisualEffectGraphs":true,"m_FxEnabled":true},"in2DMode":false,"pivot":{"x":0.8197618126869202,"y":0.07869178801774979,"z":1.172688364982605},"rotation":{"x":0.04639545828104019,"y":0.06139490380883217,"z":-0.0028569402638822796,"w":0.9970311522483826},"size":2.755981922149658,"orthographic":false}