{"cameraMode":{"drawMode":0,"name":"Shaded","section":"Shading Mode"},"sceneLighting":true,"audioPlay":false,"sceneViewState":{"m_AlwaysRefresh":false,"showFog":true,"showSkybox":true,"showFlares":true,"showImageEffects":true,"showParticleSystems":true,"showVisualEffectGraphs":true,"m_FxEnabled":true},"in2DMode":false,"pivot":{"x":0.33427608013153078,"y":0.9644940495491028,"z":-0.0037769675254821779},"rotation":{"x":0.03271709382534027,"y":-0.93666672706604,"z":0.3366120457649231,"w":0.09104663133621216},"size":1.671659231185913,"orthographic":false}